frame,filename,category
1,32.mp4,z
2,32.mp4,z
3,32.mp4,z
4,32.mp4,z
5,32.mp4,z
6,32.mp4,z
7,32.mp4,z
8,32.mp4,z
9,32.mp4,z
10,32.mp4,z
11,32.mp4,z
12,32.mp4,z
13,32.mp4,z
14,32.mp4,z
15,32.mp4,z
16,32.mp4,z
17,32.mp4,z
18,32.mp4,z
19,32.mp4,z
20,32.mp4,z
21,32.mp4,z
22,32.mp4,z
23,32.mp4,z
24,32.mp4,z
25,32.mp4,z
26,32.mp4,z
27,32.mp4,z
28,32.mp4,z
29,32.mp4,z
30,32.mp4,z
31,32.mp4,z
32,32.mp4,z
33,32.mp4,z
34,32.mp4,z
35,32.mp4,z
36,32.mp4,z
37,32.mp4,z
38,32.mp4,z
39,32.mp4,z
40,32.mp4,z
41,32.mp4,z
42,32.mp4,z
43,32.mp4,z
44,32.mp4,z
45,32.mp4,z
46,32.mp4,z
47,32.mp4,z
48,32.mp4,z
49,32.mp4,z
50,32.mp4,z
51,32.mp4,z
52,32.mp4,z
53,32.mp4,z
54,32.mp4,z
55,32.mp4,z
56,32.mp4,z
57,32.mp4,z
58,32.mp4,z
59,32.mp4,z
60,32.mp4,z
61,32.mp4,z
62,32.mp4,z
63,32.mp4,z
64,32.mp4,z
65,32.mp4,z
66,32.mp4,z
67,32.mp4,z
68,32.mp4,z
69,32.mp4,z
70,32.mp4,z
71,32.mp4,z
72,32.mp4,z
73,32.mp4,z
74,32.mp4,z
75,32.mp4,z
76,32.mp4,z
77,32.mp4,z
78,32.mp4,z
79,32.mp4,z
80,32.mp4,z
81,32.mp4,z
82,32.mp4,z
83,32.mp4,z
84,32.mp4,z
85,32.mp4,z
86,32.mp4,z
87,32.mp4,z
88,32.mp4,z
89,32.mp4,z
90,32.mp4,z
91,32.mp4,z
92,32.mp4,z
93,32.mp4,z
94,32.mp4,z
95,32.mp4,z
96,32.mp4,z
97,32.mp4,z
98,32.mp4,z
99,32.mp4,z
100,32.mp4,z
101,32.mp4,z
102,32.mp4,z
103,32.mp4,z
104,32.mp4,z
105,32.mp4,z
106,32.mp4,z
107,32.mp4,z
108,32.mp4,z
109,32.mp4,z
110,32.mp4,z
111,32.mp4,z
112,32.mp4,z
113,32.mp4,z
114,32.mp4,z
115,32.mp4,z
116,32.mp4,z
117,32.mp4,z
118,32.mp4,z
119,32.mp4,z
120,32.mp4,z
121,32.mp4,z
122,32.mp4,z
123,32.mp4,z
124,32.mp4,z
125,32.mp4,z
126,32.mp4,z
127,32.mp4,z
128,32.mp4,z
129,32.mp4,z
130,32.mp4,z
131,32.mp4,z
132,32.mp4,z
133,32.mp4,z
134,32.mp4,z
135,32.mp4,z
136,32.mp4,z
137,32.mp4,z
138,32.mp4,z
139,32.mp4,z
140,32.mp4,z
141,32.mp4,z
142,32.mp4,z
143,32.mp4,z
144,32.mp4,z
145,32.mp4,z
146,32.mp4,z
147,32.mp4,z
148,32.mp4,z
149,32.mp4,z
150,32.mp4,z
151,32.mp4,z
152,32.mp4,z
153,32.mp4,z
154,32.mp4,z
155,32.mp4,z
156,32.mp4,z
157,32.mp4,z
158,32.mp4,z
159,32.mp4,z
160,32.mp4,z
686,32.mp4,j
687,32.mp4,j
688,32.mp4,j
689,32.mp4,j
690,32.mp4,j
691,32.mp4,j
692,32.mp4,j
693,32.mp4,j
694,32.mp4,j
695,32.mp4,j
696,32.mp4,j
697,32.mp4,j
698,32.mp4,j
699,32.mp4,j
700,32.mp4,j
719,32.mp4,j
720,32.mp4,j
721,32.mp4,j
722,32.mp4,j
723,32.mp4,j
724,32.mp4,j
725,32.mp4,j
726,32.mp4,j
727,32.mp4,j
728,32.mp4,j
729,32.mp4,j
730,32.mp4,j
731,32.mp4,j
732,32.mp4,j
733,32.mp4,j
734,32.mp4,j
735,32.mp4,j
1695,32.mp4,s
1696,32.mp4,s
1697,32.mp4,s
1698,32.mp4,s
1699,32.mp4,s
1700,32.mp4,s
1701,32.mp4,s
1702,32.mp4,s
1703,32.mp4,s
1704,32.mp4,s
1705,32.mp4,s
1706,32.mp4,s
1707,32.mp4,s
1708,32.mp4,s
1709,32.mp4,s
1710,32.mp4,s
1711,32.mp4,s
1712,32.mp4,s
1713,32.mp4,s
1714,32.mp4,s
1715,32.mp4,s
1716,32.mp4,s
1717,32.mp4,s
1718,32.mp4,s
1719,32.mp4,s
1720,32.mp4,s
1721,32.mp4,s
1722,32.mp4,s
1723,32.mp4,s
1724,32.mp4,s
1725,32.mp4,s
1726,32.mp4,s
1727,32.mp4,s
1728,32.mp4,s
1729,32.mp4,s
1730,32.mp4,s
1731,32.mp4,s
1732,32.mp4,s
1733,32.mp4,s
1734,32.mp4,s
1735,32.mp4,s
1736,32.mp4,s
1737,32.mp4,s
1738,32.mp4,s
1739,32.mp4,s
1740,32.mp4,s
1741,32.mp4,s
1742,32.mp4,s
1743,32.mp4,s
1744,32.mp4,s
1745,32.mp4,s
1746,32.mp4,s
1747,32.mp4,s
1748,32.mp4,s
1749,32.mp4,s
1750,32.mp4,s
1751,32.mp4,s
1752,32.mp4,s
1753,32.mp4,s
1754,32.mp4,s
1755,32.mp4,s
1756,32.mp4,s
1757,32.mp4,s
1758,32.mp4,s
1759,32.mp4,s
1760,32.mp4,s
1761,32.mp4,s
1762,32.mp4,s
1763,32.mp4,s
1764,32.mp4,s
1765,32.mp4,s
1766,32.mp4,s
1767,32.mp4,s
1768,32.mp4,s
1769,32.mp4,s
1770,32.mp4,s
1771,32.mp4,s
1772,32.mp4,s
1773,32.mp4,s
1774,32.mp4,s
1775,32.mp4,s
1776,32.mp4,s
1777,32.mp4,s
1778,32.mp4,s
1779,32.mp4,s
1780,32.mp4,s
1781,32.mp4,s
1782,32.mp4,s
1783,32.mp4,s
1784,32.mp4,s
1785,32.mp4,s
1786,32.mp4,s
1787,32.mp4,s
1788,32.mp4,s
1789,32.mp4,s
1790,32.mp4,s
1791,32.mp4,s
1792,32.mp4,s
1793,32.mp4,s
1794,32.mp4,s
1795,32.mp4,s
1796,32.mp4,s
1797,32.mp4,s
1798,32.mp4,s
1799,32.mp4,s
1800,32.mp4,s
1801,32.mp4,s
1802,32.mp4,s
1803,32.mp4,s
1804,32.mp4,s
1805,32.mp4,s
1806,32.mp4,s
1807,32.mp4,s
1808,32.mp4,s
1809,32.mp4,s
1810,32.mp4,s
1811,32.mp4,s
1812,32.mp4,s
1813,32.mp4,s
1814,32.mp4,s
1815,32.mp4,s
1816,32.mp4,s
1817,32.mp4,s
1818,32.mp4,s
1819,32.mp4,s
1820,32.mp4,s
1821,32.mp4,s
1822,32.mp4,s
1823,32.mp4,s
1824,32.mp4,s
1825,32.mp4,s
1826,32.mp4,s
1827,32.mp4,s
1828,32.mp4,s
1829,32.mp4,s
1830,32.mp4,s
1831,32.mp4,s
1832,32.mp4,s
1833,32.mp4,s
1834,32.mp4,s
1835,32.mp4,s
1836,32.mp4,s
1837,32.mp4,s
1838,32.mp4,s
1839,32.mp4,s
1840,32.mp4,s
1841,32.mp4,s
1842,32.mp4,s
1843,32.mp4,s
1844,32.mp4,s
1845,32.mp4,s
1846,32.mp4,s
1847,32.mp4,s
1848,32.mp4,s
1849,32.mp4,s
1850,32.mp4,s
1851,32.mp4,s
1852,32.mp4,s
1853,32.mp4,s
1854,32.mp4,s
1855,32.mp4,s
1856,32.mp4,s
1857,32.mp4,s
1858,32.mp4,s
1859,32.mp4,s
1860,32.mp4,s
1861,32.mp4,s
1862,32.mp4,s
1863,32.mp4,s
1864,32.mp4,s
1865,32.mp4,s
1866,32.mp4,s
1867,32.mp4,s
1868,32.mp4,s
1869,32.mp4,s
1870,32.mp4,s
1871,32.mp4,s
1872,32.mp4,s
1873,32.mp4,s
1874,32.mp4,s
1875,32.mp4,s
1876,32.mp4,s
1877,32.mp4,s
1878,32.mp4,s
1879,32.mp4,s
1880,32.mp4,s
1881,32.mp4,s
1882,32.mp4,s
1883,32.mp4,s
1884,32.mp4,s
1885,32.mp4,s
1886,32.mp4,s
1887,32.mp4,s
1888,32.mp4,s
1889,32.mp4,s
1890,32.mp4,s
1891,32.mp4,s
1892,32.mp4,s
1893,32.mp4,s
1894,32.mp4,s
1895,32.mp4,s
1896,32.mp4,s
1897,32.mp4,s
1898,32.mp4,s
1899,32.mp4,s
1900,32.mp4,s
1901,32.mp4,s
1902,32.mp4,s
1903,32.mp4,s
1904,32.mp4,s
1905,32.mp4,s
1906,32.mp4,s
1907,32.mp4,s
1908,32.mp4,s
1909,32.mp4,s
1910,32.mp4,s
1911,32.mp4,s
1912,32.mp4,s
1913,32.mp4,s
1914,32.mp4,s
1915,32.mp4,s
1916,32.mp4,s
1917,32.mp4,s
1918,32.mp4,s
1919,32.mp4,s
1920,32.mp4,s
1921,32.mp4,s
1922,32.mp4,s
1923,32.mp4,s
1924,32.mp4,s
1925,32.mp4,s
1926,32.mp4,s
1927,32.mp4,s
1928,32.mp4,s
1929,32.mp4,s
1930,32.mp4,s
1931,32.mp4,s
1932,32.mp4,s
1933,32.mp4,s
1934,32.mp4,s
1935,32.mp4,s
1936,32.mp4,s
1937,32.mp4,s
1938,32.mp4,s
1939,32.mp4,s
1940,32.mp4,s
1941,32.mp4,s
1942,32.mp4,s
1943,32.mp4,s
2499,32.mp4,j
2500,32.mp4,j
2501,32.mp4,j
2502,32.mp4,j
2503,32.mp4,j
2504,32.mp4,j
2505,32.mp4,j
2506,32.mp4,j
2507,32.mp4,j
2508,32.mp4,j
2509,32.mp4,j
2510,32.mp4,j
2511,32.mp4,j
2512,32.mp4,j
2513,32.mp4,j
2514,32.mp4,j
2515,32.mp4,j
2894,32.mp4,j
2895,32.mp4,j
2896,32.mp4,j
2897,32.mp4,j
2898,32.mp4,j
2899,32.mp4,j
2900,32.mp4,j
2901,32.mp4,j
2902,32.mp4,j
2903,32.mp4,j
2904,32.mp4,j
2905,32.mp4,j
2906,32.mp4,j
2907,32.mp4,j
2908,32.mp4,j
2909,32.mp4,j
2910,32.mp4,j
3212,32.mp4,s
3213,32.mp4,s
3214,32.mp4,s
3215,32.mp4,s
3216,32.mp4,s
3217,32.mp4,s
3218,32.mp4,s
3219,32.mp4,s
3220,32.mp4,s
3221,32.mp4,s
3222,32.mp4,s
3223,32.mp4,s
3224,32.mp4,s
3225,32.mp4,s
3226,32.mp4,s
3227,32.mp4,s
3228,32.mp4,s
3229,32.mp4,s
3230,32.mp4,s
3231,32.mp4,s
3232,32.mp4,s
3233,32.mp4,s
3234,32.mp4,s
3235,32.mp4,s
3236,32.mp4,s
3237,32.mp4,s
3238,32.mp4,s
3239,32.mp4,s
3240,32.mp4,s
3241,32.mp4,s
3242,32.mp4,s
3243,32.mp4,s
3244,32.mp4,s
3245,32.mp4,s
3246,32.mp4,s
3247,32.mp4,s
3248,32.mp4,s
3249,32.mp4,s
3250,32.mp4,s
3251,32.mp4,s
3252,32.mp4,s
3253,32.mp4,s
3254,32.mp4,s
3255,32.mp4,s
3256,32.mp4,s
3257,32.mp4,s
3258,32.mp4,s
3259,32.mp4,s
3260,32.mp4,s
3261,32.mp4,s
3262,32.mp4,s
3263,32.mp4,s
3264,32.mp4,s
3265,32.mp4,s
3266,32.mp4,s
3267,32.mp4,s
3268,32.mp4,s
3269,32.mp4,s
3270,32.mp4,s
3271,32.mp4,s
3272,32.mp4,s
3273,32.mp4,s
3274,32.mp4,s
3275,32.mp4,s
3276,32.mp4,s
3277,32.mp4,s
3278,32.mp4,s
3279,32.mp4,s
3280,32.mp4,s
3281,32.mp4,s
3282,32.mp4,s
3283,32.mp4,s
3284,32.mp4,s
3285,32.mp4,s
3286,32.mp4,s
3287,32.mp4,s
3288,32.mp4,s
3289,32.mp4,s
3290,32.mp4,s
3291,32.mp4,s
3292,32.mp4,s
3293,32.mp4,s
3294,32.mp4,s
3295,32.mp4,s
3296,32.mp4,s
3297,32.mp4,s
3298,32.mp4,s
3299,32.mp4,s
3300,32.mp4,s
3301,32.mp4,s
3302,32.mp4,s
3303,32.mp4,s
3304,32.mp4,s
3305,32.mp4,s
3306,32.mp4,s
3307,32.mp4,s
3308,32.mp4,s
3309,32.mp4,s
3310,32.mp4,s
3311,32.mp4,s
3312,32.mp4,s
3313,32.mp4,s
3314,32.mp4,s
3315,32.mp4,s
3316,32.mp4,s
3317,32.mp4,s
3318,32.mp4,s
3319,32.mp4,s
3320,32.mp4,s
3321,32.mp4,s
3322,32.mp4,s
3323,32.mp4,s
3324,32.mp4,s
3325,32.mp4,s
3326,32.mp4,s
3327,32.mp4,s
3328,32.mp4,s
3329,32.mp4,s
3330,32.mp4,s
3331,32.mp4,s
3332,32.mp4,s
3333,32.mp4,s
3334,32.mp4,s
3335,32.mp4,s
3336,32.mp4,s
3337,32.mp4,s
3338,32.mp4,s
3339,32.mp4,s
3340,32.mp4,s
3341,32.mp4,s
3342,32.mp4,s
3343,32.mp4,s
3344,32.mp4,s
3345,32.mp4,s
3346,32.mp4,s
3347,32.mp4,s
3348,32.mp4,s
3349,32.mp4,s
3350,32.mp4,s
3351,32.mp4,s
3352,32.mp4,s
3353,32.mp4,s
3354,32.mp4,s
3355,32.mp4,s
3356,32.mp4,s
3357,32.mp4,s
3358,32.mp4,s
3359,32.mp4,s
3360,32.mp4,s
3361,32.mp4,s
3362,32.mp4,s
3363,32.mp4,s
3364,32.mp4,s
3365,32.mp4,s
3366,32.mp4,s
3367,32.mp4,s
3368,32.mp4,s
3369,32.mp4,s
3370,32.mp4,s
3371,32.mp4,s
3372,32.mp4,s
3373,32.mp4,s
3374,32.mp4,s
3375,32.mp4,s
3376,32.mp4,s
3377,32.mp4,s
3378,32.mp4,s
3379,32.mp4,s
3380,32.mp4,s
3381,32.mp4,s
3382,32.mp4,s
3383,32.mp4,s
3384,32.mp4,s
3385,32.mp4,s
3386,32.mp4,s
3387,32.mp4,s
3388,32.mp4,s
3389,32.mp4,s
3390,32.mp4,s
3391,32.mp4,s
3392,32.mp4,s
3393,32.mp4,s
3394,32.mp4,s
3395,32.mp4,s
3396,32.mp4,s
3397,32.mp4,s
3398,32.mp4,s
3399,32.mp4,s
3400,32.mp4,s
3401,32.mp4,s
3402,32.mp4,s
3403,32.mp4,s
3404,32.mp4,s
3405,32.mp4,s
3406,32.mp4,s
3407,32.mp4,s
3408,32.mp4,s
3409,32.mp4,s
3410,32.mp4,s
3411,32.mp4,s
3412,32.mp4,s
3413,32.mp4,s
3414,32.mp4,s
3415,32.mp4,s
3416,32.mp4,s
3417,32.mp4,s
3418,32.mp4,s
3419,32.mp4,s
3420,32.mp4,s
3421,32.mp4,s
3422,32.mp4,s
3423,32.mp4,s
3424,32.mp4,s
3425,32.mp4,s
3426,32.mp4,s
3427,32.mp4,s
3428,32.mp4,s
3429,32.mp4,s
3430,32.mp4,s
3431,32.mp4,s
3432,32.mp4,s
3433,32.mp4,s
3434,32.mp4,s
3435,32.mp4,s
3436,32.mp4,s
3437,32.mp4,s
3438,32.mp4,s
3439,32.mp4,s
3440,32.mp4,s
3441,32.mp4,s
3442,32.mp4,s
3443,32.mp4,s
3444,32.mp4,s
3445,32.mp4,s
3446,32.mp4,s
3447,32.mp4,s
3448,32.mp4,s
3449,32.mp4,s
3450,32.mp4,s
3451,32.mp4,s
3452,32.mp4,s
3453,32.mp4,s
3454,32.mp4,s
3455,32.mp4,s
3456,32.mp4,s
3457,32.mp4,s
3458,32.mp4,s
3459,32.mp4,s
3460,32.mp4,s
3461,32.mp4,s
3462,32.mp4,s
3463,32.mp4,s
3464,32.mp4,s
3465,32.mp4,s
3466,32.mp4,s
3467,32.mp4,s
3468,32.mp4,s
3469,32.mp4,s
3470,32.mp4,s
3471,32.mp4,s
3472,32.mp4,s
3473,32.mp4,s
3474,32.mp4,s
3475,32.mp4,s
3476,32.mp4,s
3477,32.mp4,s
3478,32.mp4,s
3479,32.mp4,s
3480,32.mp4,s
3481,32.mp4,s
3482,32.mp4,s
3483,32.mp4,s
3484,32.mp4,s
3485,32.mp4,s
3486,32.mp4,s
3487,32.mp4,s
3488,32.mp4,s
3489,32.mp4,s
3490,32.mp4,s
3491,32.mp4,s
3492,32.mp4,s
3493,32.mp4,s
3494,32.mp4,s
3495,32.mp4,s
3496,32.mp4,s
3497,32.mp4,s
3498,32.mp4,s
3499,32.mp4,s
3500,32.mp4,s
3501,32.mp4,s
3502,32.mp4,s
3503,32.mp4,s
3504,32.mp4,s
3505,32.mp4,s
3506,32.mp4,s
3507,32.mp4,s
3508,32.mp4,s
3509,32.mp4,s
3510,32.mp4,s
3511,32.mp4,s
3512,32.mp4,s
3513,32.mp4,s
3514,32.mp4,s
3515,32.mp4,s
3516,32.mp4,s
3517,32.mp4,s
3518,32.mp4,s
3519,32.mp4,s
3520,32.mp4,s
3521,32.mp4,s
3522,32.mp4,s
3523,32.mp4,s
3524,32.mp4,s
3525,32.mp4,s
3526,32.mp4,s
3527,32.mp4,s
3528,32.mp4,s
3529,32.mp4,s
3530,32.mp4,s
3531,32.mp4,s
3532,32.mp4,s
3533,32.mp4,s
3534,32.mp4,s
3535,32.mp4,s
3536,32.mp4,s
3537,32.mp4,s
3538,32.mp4,s
3539,32.mp4,s
3540,32.mp4,s
3541,32.mp4,s
3542,32.mp4,s
3543,32.mp4,s
3544,32.mp4,s
3545,32.mp4,s
3546,32.mp4,s
3547,32.mp4,s
3548,32.mp4,s
3549,32.mp4,s
3550,32.mp4,s
3551,32.mp4,s
3552,32.mp4,s
3553,32.mp4,s
3951,32.mp4,s
3952,32.mp4,s
3953,32.mp4,s
3954,32.mp4,s
3955,32.mp4,s
3956,32.mp4,s
3957,32.mp4,s
3958,32.mp4,s
3959,32.mp4,s
3960,32.mp4,s
3961,32.mp4,s
3962,32.mp4,s
3963,32.mp4,s
3964,32.mp4,s
3965,32.mp4,s
3966,32.mp4,s
3967,32.mp4,s
3968,32.mp4,s
3969,32.mp4,s
3970,32.mp4,s
3971,32.mp4,s
3972,32.mp4,s
3973,32.mp4,s
3974,32.mp4,s
3975,32.mp4,s
3976,32.mp4,s
3977,32.mp4,s
3978,32.mp4,s
3979,32.mp4,s
3980,32.mp4,s
3981,32.mp4,s
3982,32.mp4,s
3983,32.mp4,s
3984,32.mp4,s
3985,32.mp4,s
3986,32.mp4,s
3987,32.mp4,s
3988,32.mp4,s
3989,32.mp4,s
3990,32.mp4,s
3991,32.mp4,s
3992,32.mp4,s
3993,32.mp4,s
3994,32.mp4,s
3995,32.mp4,s
3996,32.mp4,s
3997,32.mp4,s
3998,32.mp4,s
3999,32.mp4,s
4000,32.mp4,s
4001,32.mp4,s
4002,32.mp4,s
4003,32.mp4,s
4004,32.mp4,s
4005,32.mp4,s
4006,32.mp4,s
4007,32.mp4,s
4008,32.mp4,s
4009,32.mp4,s
4010,32.mp4,s
4011,32.mp4,s
4012,32.mp4,s
4013,32.mp4,s
4014,32.mp4,s
4015,32.mp4,s
4016,32.mp4,s
4017,32.mp4,s
4018,32.mp4,s
4019,32.mp4,s
4020,32.mp4,s
4021,32.mp4,s
4022,32.mp4,s
4023,32.mp4,s
4024,32.mp4,s
4025,32.mp4,s
4026,32.mp4,s
4027,32.mp4,s
4028,32.mp4,s
4029,32.mp4,s
4030,32.mp4,s
4031,32.mp4,s
4032,32.mp4,s
4033,32.mp4,s
4034,32.mp4,s
4035,32.mp4,s
4036,32.mp4,s
4037,32.mp4,s
4038,32.mp4,s
4039,32.mp4,s
4040,32.mp4,s
4041,32.mp4,s
4042,32.mp4,s
4043,32.mp4,s
4044,32.mp4,s
4045,32.mp4,s
4046,32.mp4,s
4047,32.mp4,s
4048,32.mp4,s
4049,32.mp4,s
4050,32.mp4,s
4051,32.mp4,s
4052,32.mp4,s
4053,32.mp4,s
4054,32.mp4,s
4055,32.mp4,s
4056,32.mp4,s
4057,32.mp4,s
4058,32.mp4,s
4059,32.mp4,s
4060,32.mp4,s
4061,32.mp4,s
4062,32.mp4,s
4063,32.mp4,s
4064,32.mp4,s
4065,32.mp4,s
4066,32.mp4,s
4067,32.mp4,s
4068,32.mp4,s
4069,32.mp4,s
4070,32.mp4,s
4071,32.mp4,s
4072,32.mp4,s
4073,32.mp4,s
4074,32.mp4,s
4075,32.mp4,s
4076,32.mp4,s
4077,32.mp4,s
4078,32.mp4,s
4079,32.mp4,s
4080,32.mp4,s
4081,32.mp4,s
4082,32.mp4,s
4083,32.mp4,s
4084,32.mp4,s
4085,32.mp4,s
4086,32.mp4,s
4087,32.mp4,s
4088,32.mp4,s
4089,32.mp4,s
4090,32.mp4,s
4091,32.mp4,s
4092,32.mp4,s
4093,32.mp4,s
4094,32.mp4,s
4095,32.mp4,s
4096,32.mp4,s
4097,32.mp4,s
4098,32.mp4,s
4099,32.mp4,s
4100,32.mp4,s
4101,32.mp4,s
4102,32.mp4,s
4103,32.mp4,s
4104,32.mp4,s
4105,32.mp4,s
4106,32.mp4,s
4107,32.mp4,s
4108,32.mp4,s
4109,32.mp4,s
4110,32.mp4,s
4111,32.mp4,s
4112,32.mp4,s
4113,32.mp4,s
4114,32.mp4,s
4115,32.mp4,s
4116,32.mp4,s
4117,32.mp4,s
4118,32.mp4,s
4119,32.mp4,s
4120,32.mp4,s
4121,32.mp4,s
4122,32.mp4,s
4123,32.mp4,s
4124,32.mp4,s
4125,32.mp4,s
4126,32.mp4,s
4127,32.mp4,s
4128,32.mp4,s
4129,32.mp4,s
4130,32.mp4,s
4131,32.mp4,s
4132,32.mp4,s
4133,32.mp4,s
4134,32.mp4,s
4135,32.mp4,s
4136,32.mp4,s
4137,32.mp4,s
4138,32.mp4,s
4139,32.mp4,s
4140,32.mp4,s
4141,32.mp4,s
4142,32.mp4,s
4143,32.mp4,s
4144,32.mp4,s
4145,32.mp4,s
4146,32.mp4,s
4147,32.mp4,s
4148,32.mp4,s
4149,32.mp4,s
4150,32.mp4,s
4151,32.mp4,s
4152,32.mp4,s
4153,32.mp4,s
4154,32.mp4,s
4155,32.mp4,s
4156,32.mp4,s
4157,32.mp4,s
4158,32.mp4,s
4159,32.mp4,s
4160,32.mp4,s
4161,32.mp4,s
4162,32.mp4,s
4163,32.mp4,s
4164,32.mp4,s
4165,32.mp4,s
4166,32.mp4,s
4167,32.mp4,s
4168,32.mp4,s
4169,32.mp4,s
4170,32.mp4,s
4171,32.mp4,s
4172,32.mp4,s
4173,32.mp4,s
4174,32.mp4,s
4175,32.mp4,s
4176,32.mp4,s
4177,32.mp4,s
4178,32.mp4,s
4179,32.mp4,s
4180,32.mp4,s
4181,32.mp4,s
4182,32.mp4,s
4183,32.mp4,s
4184,32.mp4,s
4185,32.mp4,s
4186,32.mp4,s
4187,32.mp4,s
4188,32.mp4,s
4189,32.mp4,s
4190,32.mp4,s
4191,32.mp4,s
4192,32.mp4,s
4193,32.mp4,s
4194,32.mp4,s
4195,32.mp4,s
4196,32.mp4,s
4197,32.mp4,s
4198,32.mp4,s
4199,32.mp4,s
4200,32.mp4,s
4201,32.mp4,s
4202,32.mp4,s
4203,32.mp4,s
4204,32.mp4,s
4205,32.mp4,s
4206,32.mp4,s
4207,32.mp4,s
4208,32.mp4,s
4209,32.mp4,s
4210,32.mp4,s
4211,32.mp4,s
4212,32.mp4,s
4213,32.mp4,s
4214,32.mp4,s
4215,32.mp4,s
4216,32.mp4,s
4217,32.mp4,s
4218,32.mp4,s
4219,32.mp4,s
4220,32.mp4,s
4221,32.mp4,s
4222,32.mp4,s
4223,32.mp4,s
4224,32.mp4,s
4225,32.mp4,s
4226,32.mp4,s
4227,32.mp4,s
4228,32.mp4,s
4229,32.mp4,s
4230,32.mp4,s
4231,32.mp4,s
4232,32.mp4,s
4233,32.mp4,s
4234,32.mp4,s
4235,32.mp4,s
4236,32.mp4,s
4237,32.mp4,s
4238,32.mp4,s
4277,32.mp4,z
4278,32.mp4,z
4279,32.mp4,z
4280,32.mp4,z
4281,32.mp4,z
4282,32.mp4,z
4283,32.mp4,z
4284,32.mp4,z
4285,32.mp4,z
4286,32.mp4,z
4287,32.mp4,z
4288,32.mp4,z
4289,32.mp4,z
4290,32.mp4,z
4291,32.mp4,z
4292,32.mp4,z
4293,32.mp4,z
4294,32.mp4,z
4295,32.mp4,z
4296,32.mp4,z
4297,32.mp4,z
4298,32.mp4,z
4299,32.mp4,z
4300,32.mp4,z
